,temperature,humidity,visibility,pressure,windSpeed,windBearing,precipIntensity,dewPoint,precipProbability
0,36.14,0.62,10.0,1016.91,9.18,282.0,0.0,24.4,0.0
1,36.14,0.62,10.0,1016.91,9.18,282.0,0.0,24.4,0.0
2,36.14,0.62,10.0,1016.91,9.18,282.0,0.0,24.4,0.0
3,36.14,0.62,10.0,1016.91,9.18,282.0,0.0,24.4,0.0
4,36.14,0.62,10.0,1016.91,9.18,282.0,0.0,24.4,0.0
5,36.14,0.62,10.0,1016.91,9.18,282.0,0.0,24.4,0.0
6,36.14,0.62,10.0,1016.91,9.18,282.0,0.0,24.4,0.0
7,36.14,0.62,10.0,1016.91,9.18,282.0,0.0,24.4,0.0
8,36.14,0.62,10.0,1016.91,9.18,282.0,0.0,24.4,0.0
9,36.14,0.62,10.0,1016.91,9.18,282.0,0.0,24.4,0.0
10,36.14,0.62,10.0,1016.91,9.18,282.0,0.0,24.4,0.0
11,36.14,0.62,10.0,1016.91,9.18,282.0,0.0,24.4,0.0
12,36.14,0.62,10.0,1016.91,9.18,282.0,0.0,24.4,0.0
13,36.14,0.62,10.0,1016.91,9.18,282.0,0.0,24.4,0.0
14,36.14,0.62,10.0,1016.91,9.18,282.0,0.0,24.4,0.0
15,36.14,0.62,10.0,1016.91,9.18,282.0,0.0,24.4,0.0
16,36.14,0.62,10.0,1016.91,9.18,282.0,0.0,24.4,0.0
17,36.14,0.62,10.0,1016.91,9.18,282.0,0.0,24.4,0.0
18,36.14,0.62,10.0,1016.91,9.18,282.0,0.0,24.4,0.0
19,36.14,0.62,10.0,1016.91,9.18,282.0,0.0,24.4,0.0
20,36.14,0.62,10.0,1016.91,9.18,282.0,0.0,24.4,0.0
21,36.14,0.62,10.0,1016.91,9.18,282.0,0.0,24.4,0.0
22,36.14,0.62,10.0,1016.91,9.18,282.0,0.0,24.4,0.0
23,36.14,0.62,10.0,1016.91,9.18,282.0,0.0,24.4,0.0
24,36.14,0.62,10.0,1016.91,9.18,282.0,0.0,24.4,0.0
25,36.14,0.62,10.0,1016.91,9.18,282.0,0.0,24.4,0.0
26,36.14,0.62,10.0,1016.91,9.18,282.0,0.0,24.4,0.0
27,36.14,0.62,10.0,1016.91,9.18,282.0,0.0,24.4,0.0
28,36.14,0.62,10.0,1016.91,9.18,282.0,0.0,24.4,0.0
29,36.14,0.62,10.0,1016.91,9.18,282.0,0.0,24.4,0.0
30,36.14,0.62,10.0,1016.91,9.18,282.0,0.0,24.4,0.0
31,36.14,0.62,10.0,1016.91,9.18,282.0,0.0,24.4,0.0
32,36.14,0.62,10.0,1016.91,9.18,282.0,0.0,24.4,0.0
33,36.14,0.62,10.0,1016.91,9.18,282.0,0.0,24.4,0.0
34,36.14,0.62,10.0,1016.91,9.18,282.0,0.0,24.4,0.0
35,36.14,0.62,10.0,1016.91,9.18,282.0,0.0,24.4,0.0
36,36.14,0.62,10.0,1016.91,9.18,282.0,0.0,24.4,0.0
37,36.14,0.62,10.0,1016.91,9.18,282.0,0.0,24.4,0.0
38,36.14,0.62,10.0,1016.91,9.18,282.0,0.0,24.4,0.0
39,36.14,0.62,10.0,1016.91,9.18,282.0,0.0,24.4,0.0
40,36.14,0.62,10.0,1016.91,9.18,282.0,0.0,24.4,0.0
41,36.14,0.62,10.0,1016.91,9.18,282.0,0.0,24.4,0.0
42,36.14,0.62,10.0,1016.91,9.18,282.0,0.0,24.4,0.0
43,36.14,0.62,10.0,1016.91,9.18,282.0,0.0,24.4,0.0
44,36.14,0.62,10.0,1016.91,9.18,282.0,0.0,24.4,0.0
45,36.14,0.62,10.0,1016.91,9.18,282.0,0.0,24.4,0.0
46,36.14,0.62,10.0,1016.91,9.18,282.0,0.0,24.4,0.0
47,36.14,0.62,10.0,1016.91,9.18,282.0,0.0,24.4,0.0
48,36.14,0.62,10.0,1016.91,9.18,282.0,0.0,24.4,0.0
49,36.14,0.62,10.0,1016.91,9.18,282.0,0.0,24.4,0.0
50,36.14,0.62,10.0,1016.91,9.18,282.0,0.0,24.4,0.0
51,36.14,0.62,10.0,1016.91,9.18,282.0,0.0,24.4,0.0
52,36.14,0.62,10.0,1016.91,9.18,282.0,0.0,24.4,0.0
53,36.14,0.62,10.0,1016.91,9.18,282.0,0.0,24.4,0.0
54,36.14,0.62,10.0,1016.91,9.18,282.0,0.0,24.4,0.0
55,36.14,0.62,10.0,1016.91,9.18,282.0,0.0,24.4,0.0
56,36.14,0.62,10.0,1016.91,9.18,282.0,0.0,24.4,0.0
57,36.14,0.62,10.0,1016.91,9.18,282.0,0.0,24.4,0.0
58,35.87,0.61,10.0,1016.25,8.29,285.0,0.0,23.9,0.0
59,35.87,0.61,10.0,1016.25,8.29,285.0,0.0,23.9,0.0
60,35.87,0.61,10.0,1016.25,8.29,285.0,0.0,23.9,0.0
61,35.87,0.61,10.0,1016.25,8.29,285.0,0.0,23.9,0.0
62,35.87,0.61,10.0,1016.25,8.29,285.0,0.0,23.9,0.0
63,35.87,0.61,10.0,1016.25,8.29,285.0,0.0,23.9,0.0
64,35.87,0.61,10.0,1016.25,8.29,285.0,0.0,23.9,0.0
65,35.87,0.61,10.0,1016.25,8.29,285.0,0.0,23.9,0.0
66,35.87,0.61,10.0,1016.25,8.29,285.0,0.0,23.9,0.0
67,35.87,0.61,10.0,1016.25,8.29,285.0,0.0,23.9,0.0
68,35.87,0.61,10.0,1016.25,8.29,285.0,0.0,23.9,0.0
69,35.87,0.61,10.0,1016.25,8.29,285.0,0.0,23.9,0.0
70,35.87,0.61,10.0,1016.25,8.29,285.0,0.0,23.9,0.0
71,35.87,0.61,10.0,1016.25,8.29,285.0,0.0,23.9,0.0
72,35.87,0.61,10.0,1016.25,8.29,285.0,0.0,23.9,0.0
73,35.87,0.61,10.0,1016.25,8.29,285.0,0.0,23.9,0.0
74,35.87,0.61,10.0,1016.25,8.29,285.0,0.0,23.9,0.0
75,35.87,0.61,10.0,1016.25,8.29,285.0,0.0,23.9,0.0
76,35.87,0.61,10.0,1016.25,8.29,285.0,0.0,23.9,0.0
77,35.87,0.61,10.0,1016.25,8.29,285.0,0.0,23.9,0.0
78,35.87,0.61,10.0,1016.25,8.29,285.0,0.0,23.9,0.0
79,35.87,0.61,10.0,1016.25,8.29,285.0,0.0,23.9,0.0
80,35.87,0.61,10.0,1016.25,8.29,285.0,0.0,23.9,0.0
81,35.87,0.61,10.0,1016.25,8.29,285.0,0.0,23.9,0.0
82,35.87,0.61,10.0,1016.25,8.29,285.0,0.0,23.9,0.0
83,35.87,0.61,10.0,1016.25,8.29,285.0,0.0,23.9,0.0
84,35.87,0.61,10.0,1016.25,8.29,285.0,0.0,23.9,0.0
85,35.87,0.61,10.0,1016.25,8.29,285.0,0.0,23.9,0.0
86,35.87,0.61,10.0,1016.25,8.29,285.0,0.0,23.9,0.0
87,35.87,0.61,10.0,1016.25,8.29,285.0,0.0,23.9,0.0
88,35.87,0.61,10.0,1016.25,8.29,285.0,0.0,23.9,0.0
89,35.87,0.61,10.0,1016.25,8.29,285.0,0.0,23.9,0.0
90,35.87,0.61,10.0,1016.25,8.29,285.0,0.0,23.9,0.0
91,35.87,0.61,10.0,1016.25,8.29,285.0,0.0,23.9,0.0
92,35.87,0.61,10.0,1016.25,8.29,285.0,0.0,23.9,0.0
93,35.87,0.61,10.0,1016.25,8.29,285.0,0.0,23.9,0.0
94,35.87,0.61,10.0,1016.25,8.29,285.0,0.0,23.9,0.0
95,35.87,0.61,10.0,1016.25,8.29,285.0,0.0,23.9,0.0
96,35.87,0.61,10.0,1016.25,8.29,285.0,0.0,23.9,0.0
97,35.87,0.61,10.0,1016.25,8.29,285.0,0.0,23.9,0.0
98,35.87,0.61,10.0,1016.25,8.29,285.0,0.0,23.9,0.0
99,35.87,0.61,10.0,1016.25,8.29,285.0,0.0,23.9,0.0
100,35.87,0.61,10.0,1016.25,8.29,285.0,0.0,23.9,0.0
101,35.87,0.61,10.0,1016.25,8.29,285.0,0.0,23.9,0.0
102,35.87,0.61,10.0,1016.25,8.29,285.0,0.0,23.9,0.0
103,35.87,0.61,10.0,1016.25,8.29,285.0,0.0,23.9,0.0
104,35.87,0.61,10.0,1016.25,8.29,285.0,0.0,23.9,0.0
105,35.87,0.61,10.0,1016.25,8.29,285.0,0.0,23.9,0.0
106,35.87,0.61,10.0,1016.25,8.29,285.0,0.0,23.9,0.0
107,35.87,0.61,10.0,1016.25,8.29,285.0,0.0,23.9,0.0
108,35.87,0.61,10.0,1016.25,8.29,285.0,0.0,23.9,0.0
109,35.87,0.61,10.0,1016.25,8.29,285.0,0.0,23.9,0.0
110,35.87,0.61,10.0,1016.25,8.29,285.0,0.0,23.9,0.0
111,35.87,0.61,10.0,1016.25,8.29,285.0,0.0,23.9,0.0
112,35.87,0.61,10.0,1016.25,8.29,285.0,0.0,23.9,0.0
113,35.87,0.61,10.0,1016.25,8.29,285.0,0.0,23.9,0.0
114,35.87,0.61,10.0,1016.25,8.29,285.0,0.0,23.9,0.0
115,35.87,0.61,10.0,1016.25,8.29,285.0,0.0,23.9,0.0
116,35.4,0.61,10.0,1015.98,8.2,281.0,0.0,23.39,0.0
117,35.4,0.61,10.0,1015.98,8.2,281.0,0.0,23.39,0.0
118,35.4,0.61,10.0,1015.98,8.2,281.0,0.0,23.39,0.0
119,35.4,0.61,10.0,1015.98,8.2,281.0,0.0,23.39,0.0
120,35.4,0.61,10.0,1015.98,8.2,281.0,0.0,23.39,0.0
121,35.4,0.61,10.0,1015.98,8.2,281.0,0.0,23.39,0.0
122,35.4,0.61,10.0,1015.98,8.2,281.0,0.0,23.39,0.0
123,35.4,0.61,10.0,1015.98,8.2,281.0,0.0,23.39,0.0
124,35.4,0.61,10.0,1015.98,8.2,281.0,0.0,23.39,0.0
125,35.4,0.61,10.0,1015.98,8.2,281.0,0.0,23.39,0.0
126,35.4,0.61,10.0,1015.98,8.2,281.0,0.0,23.39,0.0
127,35.4,0.61,10.0,1015.98,8.2,281.0,0.0,23.39,0.0
128,35.4,0.61,10.0,1015.98,8.2,281.0,0.0,23.39,0.0
129,35.4,0.61,10.0,1015.98,8.2,281.0,0.0,23.39,0.0
130,35.4,0.61,10.0,1015.98,8.2,281.0,0.0,23.39,0.0
131,35.4,0.61,10.0,1015.98,8.2,281.0,0.0,23.39,0.0
132,35.4,0.61,10.0,1015.98,8.2,281.0,0.0,23.39,0.0
133,35.4,0.61,10.0,1015.98,8.2,281.0,0.0,23.39,0.0
134,35.4,0.61,10.0,1015.98,8.2,281.0,0.0,23.39,0.0
135,35.4,0.61,10.0,1015.98,8.2,281.0,0.0,23.39,0.0
136,35.4,0.61,10.0,1015.98,8.2,281.0,0.0,23.39,0.0
137,35.4,0.61,10.0,1015.98,8.2,281.0,0.0,23.39,0.0
138,35.4,0.61,10.0,1015.98,8.2,281.0,0.0,23.39,0.0
139,35.4,0.61,10.0,1015.98,8.2,281.0,0.0,23.39,0.0
140,35.4,0.61,10.0,1015.98,8.2,281.0,0.0,23.39,0.0
141,35.4,0.61,10.0,1015.98,8.2,281.0,0.0,23.39,0.0
142,35.4,0.61,10.0,1015.98,8.2,281.0,0.0,23.39,0.0
143,35.4,0.61,10.0,1015.98,8.2,281.0,0.0,23.39,0.0
144,35.4,0.61,10.0,1015.98,8.2,281.0,0.0,23.39,0.0
145,35.4,0.61,10.0,1015.98,8.2,281.0,0.0,23.39,0.0
146,35.4,0.61,10.0,1015.98,8.2,281.0,0.0,23.39,0.0
147,35.4,0.61,10.0,1015.98,8.2,281.0,0.0,23.39,0.0
148,35.4,0.61,10.0,1015.98,8.2,281.0,0.0,23.39,0.0
149,35.4,0.61,10.0,1015.98,8.2,281.0,0.0,23.39,0.0
150,35.4,0.61,10.0,1015.98,8.2,281.0,0.0,23.39,0.0
151,35.4,0.61,10.0,1015.98,8.2,281.0,0.0,23.39,0.0
152,35.4,0.61,10.0,1015.98,8.2,281.0,0.0,23.39,0.0
153,35.4,0.61,10.0,1015.98,8.2,281.0,0.0,23.39,0.0
154,35.4,0.61,10.0,1015.98,8.2,281.0,0.0,23.39,0.0
155,35.4,0.61,10.0,1015.98,8.2,281.0,0.0,23.39,0.0
156,35.4,0.61,10.0,1015.98,8.2,281.0,0.0,23.39,0.0
157,35.4,0.61,10.0,1015.98,8.2,281.0,0.0,23.39,0.0
158,35.4,0.61,10.0,1015.98,8.2,281.0,0.0,23.39,0.0
159,35.4,0.61,10.0,1015.98,8.2,281.0,0.0,23.39,0.0
160,35.4,0.61,10.0,1015.98,8.2,281.0,0.0,23.39,0.0
161,35.4,0.61,10.0,1015.98,8.2,281.0,0.0,23.39,0.0
162,35.4,0.61,10.0,1015.98,8.2,281.0,0.0,23.39,0.0
163,35.4,0.61,10.0,1015.98,8.2,281.0,0.0,23.39,0.0
164,35.4,0.61,10.0,1015.98,8.2,281.0,0.0,23.39,0.0
165,35.4,0.61,10.0,1015.98,8.2,281.0,0.0,23.39,0.0
166,35.4,0.61,10.0,1015.98,8.2,281.0,0.0,23.39,0.0
167,35.4,0.61,10.0,1015.98,8.2,281.0,0.0,23.39,0.0
168,35.4,0.61,10.0,1015.98,8.2,281.0,0.0,23.39,0.0
169,35.4,0.61,10.0,1015.98,8.2,281.0,0.0,23.39,0.0
170,35.4,0.61,10.0,1015.98,8.2,281.0,0.0,23.39,0.0
171,35.4,0.61,10.0,1015.98,8.2,281.0,0.0,23.39,0.0
172,35.4,0.61,10.0,1015.98,8.2,281.0,0.0,23.39,0.0
173,35.4,0.61,10.0,1015.98,8.2,281.0,0.0,23.39,0.0
174,35.25,0.64,10.0,1016.07,5.47,265.0,0.0,24.18,0.0
175,35.25,0.64,10.0,1016.07,5.47,265.0,0.0,24.18,0.0
176,35.25,0.64,10.0,1016.07,5.47,265.0,0.0,24.18,0.0
177,35.25,0.64,10.0,1016.07,5.47,265.0,0.0,24.18,0.0
178,35.25,0.64,10.0,1016.07,5.47,265.0,0.0,24.18,0.0
179,35.25,0.64,10.0,1016.07,5.47,265.0,0.0,24.18,0.0
180,35.25,0.64,10.0,1016.07,5.47,265.0,0.0,24.18,0.0
181,35.25,0.64,10.0,1016.07,5.47,265.0,0.0,24.18,0.0
182,35.25,0.64,10.0,1016.07,5.47,265.0,0.0,24.18,0.0
183,35.25,0.64,10.0,1016.07,5.47,265.0,0.0,24.18,0.0
184,35.25,0.64,10.0,1016.07,5.47,265.0,0.0,24.18,0.0
185,35.25,0.64,10.0,1016.07,5.47,265.0,0.0,24.18,0.0
186,35.25,0.64,10.0,1016.07,5.47,265.0,0.0,24.18,0.0
187,35.25,0.64,10.0,1016.07,5.47,265.0,0.0,24.18,0.0
188,35.25,0.64,10.0,1016.07,5.47,265.0,0.0,24.18,0.0
189,35.25,0.64,10.0,1016.07,5.47,265.0,0.0,24.18,0.0
190,35.25,0.64,10.0,1016.07,5.47,265.0,0.0,24.18,0.0
191,35.25,0.64,10.0,1016.07,5.47,265.0,0.0,24.18,0.0
192,35.25,0.64,10.0,1016.07,5.47,265.0,0.0,24.18,0.0
193,35.25,0.64,10.0,1016.07,5.47,265.0,0.0,24.18,0.0
194,35.25,0.64,10.0,1016.07,5.47,265.0,0.0,24.18,0.0
195,35.25,0.64,10.0,1016.07,5.47,265.0,0.0,24.18,0.0
196,35.25,0.64,10.0,1016.07,5.47,265.0,0.0,24.18,0.0
197,35.25,0.64,10.0,1016.07,5.47,265.0,0.0,24.18,0.0
198,35.25,0.64,10.0,1016.07,5.47,265.0,0.0,24.18,0.0
199,35.25,0.64,10.0,1016.07,5.47,265.0,0.0,24.18,0.0
200,35.25,0.64,10.0,1016.07,5.47,265.0,0.0,24.18,0.0
201,35.25,0.64,10.0,1016.07,5.47,265.0,0.0,24.18,0.0
202,35.25,0.64,10.0,1016.07,5.47,265.0,0.0,24.18,0.0
203,35.25,0.64,10.0,1016.07,5.47,265.0,0.0,24.18,0.0
204,35.25,0.64,10.0,1016.07,5.47,265.0,0.0,24.18,0.0
205,35.25,0.64,10.0,1016.07,5.47,265.0,0.0,24.18,0.0
206,35.25,0.64,10.0,1016.07,5.47,265.0,0.0,24.18,0.0
207,35.25,0.64,10.0,1016.07,5.47,265.0,0.0,24.18,0.0
208,35.25,0.64,10.0,1016.07,5.47,265.0,0.0,24.18,0.0
209,35.25,0.64,10.0,1016.07,5.47,265.0,0.0,24.18,0.0
210,35.25,0.64,10.0,1016.07,5.47,265.0,0.0,24.18,0.0
211,35.25,0.64,10.0,1016.07,5.47,265.0,0.0,24.18,0.0
212,35.25,0.64,10.0,1016.07,5.47,265.0,0.0,24.18,0.0
213,35.25,0.64,10.0,1016.07,5.47,265.0,0.0,24.18,0.0
214,35.25,0.64,10.0,1016.07,5.47,265.0,0.0,24.18,0.0
215,35.25,0.64,10.0,1016.07,5.47,265.0,0.0,24.18,0.0
216,35.25,0.64,10.0,1016.07,5.47,265.0,0.0,24.18,0.0
217,35.25,0.64,10.0,1016.07,5.47,265.0,0.0,24.18,0.0
218,35.25,0.64,10.0,1016.07,5.47,265.0,0.0,24.18,0.0
219,35.25,0.64,10.0,1016.07,5.47,265.0,0.0,24.18,0.0
220,35.25,0.64,10.0,1016.07,5.47,265.0,0.0,24.18,0.0
221,35.25,0.64,10.0,1016.07,5.47,265.0,0.0,24.18,0.0
222,35.25,0.64,10.0,1016.07,5.47,265.0,0.0,24.18,0.0
223,35.25,0.64,10.0,1016.07,5.47,265.0,0.0,24.18,0.0
224,35.25,0.64,10.0,1016.07,5.47,265.0,0.0,24.18,0.0
225,35.25,0.64,10.0,1016.07,5.47,265.0,0.0,24.18,0.0
226,35.25,0.64,10.0,1016.07,5.47,265.0,0.0,24.18,0.0
227,35.25,0.64,10.0,1016.07,5.47,265.0,0.0,24.18,0.0
228,35.25,0.64,10.0,1016.07,5.47,265.0,0.0,24.18,0.0
229,35.25,0.64,10.0,1016.07,5.47,265.0,0.0,24.18,0.0
230,35.25,0.64,10.0,1016.07,5.47,265.0,0.0,24.18,0.0
231,35.25,0.64,10.0,1016.07,5.47,265.0,0.0,24.18,0.0
232,35.49,0.64,10.0,1015.86,7.08,265.0,0.0,24.35,0.0
233,35.49,0.64,10.0,1015.86,7.08,265.0,0.0,24.35,0.0
234,35.49,0.64,10.0,1015.86,7.08,265.0,0.0,24.35,0.0
235,35.49,0.64,10.0,1015.86,7.08,265.0,0.0,24.35,0.0
236,35.49,0.64,10.0,1015.86,7.08,265.0,0.0,24.35,0.0
237,35.49,0.64,10.0,1015.86,7.08,265.0,0.0,24.35,0.0
238,35.49,0.64,10.0,1015.86,7.08,265.0,0.0,24.35,0.0
239,35.49,0.64,10.0,1015.86,7.08,265.0,0.0,24.35,0.0
240,35.49,0.64,10.0,1015.86,7.08,265.0,0.0,24.35,0.0
241,35.49,0.64,10.0,1015.86,7.08,265.0,0.0,24.35,0.0
242,35.49,0.64,10.0,1015.86,7.08,265.0,0.0,24.35,0.0
243,35.49,0.64,10.0,1015.86,7.08,265.0,0.0,24.35,0.0
244,35.49,0.64,10.0,1015.86,7.08,265.0,0.0,24.35,0.0
245,35.49,0.64,10.0,1015.86,7.08,265.0,0.0,24.35,0.0
246,35.49,0.64,10.0,1015.86,7.08,265.0,0.0,24.35,0.0
247,35.49,0.64,10.0,1015.86,7.08,265.0,0.0,24.35,0.0
248,35.49,0.64,10.0,1015.86,7.08,265.0,0.0,24.35,0.0
249,35.49,0.64,10.0,1015.86,7.08,265.0,0.0,24.35,0.0
250,35.49,0.64,10.0,1015.86,7.08,265.0,0.0,24.35,0.0
251,35.49,0.64,10.0,1015.86,7.08,265.0,0.0,24.35,0.0
252,35.49,0.64,10.0,1015.86,7.08,265.0,0.0,24.35,0.0
253,35.49,0.64,10.0,1015.86,7.08,265.0,0.0,24.35,0.0
254,35.49,0.64,10.0,1015.86,7.08,265.0,0.0,24.35,0.0
255,35.49,0.64,10.0,1015.86,7.08,265.0,0.0,24.35,0.0
256,35.49,0.64,10.0,1015.86,7.08,265.0,0.0,24.35,0.0
257,35.49,0.64,10.0,1015.86,7.08,265.0,0.0,24.35,0.0
258,35.49,0.64,10.0,1015.86,7.08,265.0,0.0,24.35,0.0
259,35.49,0.64,10.0,1015.86,7.08,265.0,0.0,24.35,0.0
260,35.49,0.64,10.0,1015.86,7.08,265.0,0.0,24.35,0.0
261,35.49,0.64,10.0,1015.86,7.08,265.0,0.0,24.35,0.0
262,35.49,0.64,10.0,1015.86,7.08,265.0,0.0,24.35,0.0
263,35.49,0.64,10.0,1015.86,7.08,265.0,0.0,24.35,0.0
264,35.49,0.64,10.0,1015.86,7.08,265.0,0.0,24.35,0.0
265,35.49,0.64,10.0,1015.86,7.08,265.0,0.0,24.35,0.0
266,35.49,0.64,10.0,1015.86,7.08,265.0,0.0,24.35,0.0
267,35.49,0.64,10.0,1015.86,7.08,265.0,0.0,24.35,0.0
268,35.49,0.64,10.0,1015.86,7.08,265.0,0.0,24.35,0.0
269,35.49,0.64,10.0,1015.86,7.08,265.0,0.0,24.35,0.0
270,35.49,0.64,10.0,1015.86,7.08,265.0,0.0,24.35,0.0
271,35.49,0.64,10.0,1015.86,7.08,265.0,0.0,24.35,0.0
272,35.49,0.64,10.0,1015.86,7.08,265.0,0.0,24.35,0.0
273,35.49,0.64,10.0,1015.86,7.08,265.0,0.0,24.35,0.0
274,35.49,0.64,10.0,1015.86,7.08,265.0,0.0,24.35,0.0
275,35.49,0.64,10.0,1015.86,7.08,265.0,0.0,24.35,0.0
276,35.49,0.64,10.0,1015.86,7.08,265.0,0.0,24.35,0.0
277,35.49,0.64,10.0,1015.86,7.08,265.0,0.0,24.35,0.0
278,35.49,0.64,10.0,1015.86,7.08,265.0,0.0,24.35,0.0
279,35.49,0.64,10.0,1015.86,7.08,265.0,0.0,24.35,0.0
280,35.49,0.64,10.0,1015.86,7.08,265.0,0.0,24.35,0.0
281,35.49,0.64,10.0,1015.86,7.08,265.0,0.0,24.35,0.0
282,35.49,0.64,10.0,1015.86,7.08,265.0,0.0,24.35,0.0
283,35.49,0.64,10.0,1015.86,7.08,265.0,0.0,24.35,0.0
284,35.49,0.64,10.0,1015.86,7.08,265.0,0.0,24.35,0.0
285,35.49,0.64,10.0,1015.86,7.08,265.0,0.0,24.35,0.0
286,35.49,0.64,10.0,1015.86,7.08,265.0,0.0,24.35,0.0
287,35.49,0.64,10.0,1015.86,7.08,265.0,0.0,24.35,0.0
288,35.49,0.64,10.0,1015.86,7.08,265.0,0.0,24.35,0.0
289,35.49,0.64,10.0,1015.86,7.08,265.0,0.0,24.35,0.0
290,35.26,0.65,10.0,1015.59,6.45,268.0,0.0,24.79,0.0
291,35.26,0.65,10.0,1015.59,6.45,268.0,0.0,24.79,0.0
292,35.26,0.65,10.0,1015.59,6.45,268.0,0.0,24.79,0.0
293,35.26,0.65,10.0,1015.59,6.45,268.0,0.0,24.79,0.0
294,35.26,0.65,10.0,1015.59,6.45,268.0,0.0,24.79,0.0
295,35.26,0.65,10.0,1015.59,6.45,268.0,0.0,24.79,0.0
296,35.26,0.65,10.0,1015.59,6.45,268.0,0.0,24.79,0.0
297,35.26,0.65,10.0,1015.59,6.45,268.0,0.0,24.79,0.0
298,35.26,0.65,10.0,1015.59,6.45,268.0,0.0,24.79,0.0
299,35.26,0.65,10.0,1015.59,6.45,268.0,0.0,24.79,0.0
300,35.26,0.65,10.0,1015.59,6.45,268.0,0.0,24.79,0.0
301,35.26,0.65,10.0,1015.59,6.45,268.0,0.0,24.79,0.0
302,35.26,0.65,10.0,1015.59,6.45,268.0,0.0,24.79,0.0
303,35.26,0.65,10.0,1015.59,6.45,268.0,0.0,24.79,0.0
304,35.26,0.65,10.0,1015.59,6.45,268.0,0.0,24.79,0.0
305,35.26,0.65,10.0,1015.59,6.45,268.0,0.0,24.79,0.0
306,35.26,0.65,10.0,1015.59,6.45,268.0,0.0,24.79,0.0
307,35.26,0.65,10.0,1015.59,6.45,268.0,0.0,24.79,0.0
308,35.26,0.65,10.0,1015.59,6.45,268.0,0.0,24.79,0.0
309,35.26,0.65,10.0,1015.59,6.45,268.0,0.0,24.79,0.0
310,35.26,0.65,10.0,1015.59,6.45,268.0,0.0,24.79,0.0
311,35.26,0.65,10.0,1015.59,6.45,268.0,0.0,24.79,0.0
312,35.26,0.65,10.0,1015.59,6.45,268.0,0.0,24.79,0.0
313,35.26,0.65,10.0,1015.59,6.45,268.0,0.0,24.79,0.0
314,35.26,0.65,10.0,1015.59,6.45,268.0,0.0,24.79,0.0
315,35.26,0.65,10.0,1015.59,6.45,268.0,0.0,24.79,0.0
316,35.26,0.65,10.0,1015.59,6.45,268.0,0.0,24.79,0.0
317,35.26,0.65,10.0,1015.59,6.45,268.0,0.0,24.79,0.0
318,35.26,0.65,10.0,1015.59,6.45,268.0,0.0,24.79,0.0
319,35.26,0.65,10.0,1015.59,6.45,268.0,0.0,24.79,0.0
320,35.26,0.65,10.0,1015.59,6.45,268.0,0.0,24.79,0.0
321,35.26,0.65,10.0,1015.59,6.45,268.0,0.0,24.79,0.0
322,35.26,0.65,10.0,1015.59,6.45,268.0,0.0,24.79,0.0
323,35.26,0.65,10.0,1015.59,6.45,268.0,0.0,24.79,0.0
324,35.26,0.65,10.0,1015.59,6.45,268.0,0.0,24.79,0.0
325,35.26,0.65,10.0,1015.59,6.45,268.0,0.0,24.79,0.0
326,35.26,0.65,10.0,1015.59,6.45,268.0,0.0,24.79,0.0
327,35.26,0.65,10.0,1015.59,6.45,268.0,0.0,24.79,0.0
328,35.26,0.65,10.0,1015.59,6.45,268.0,0.0,24.79,0.0
329,35.26,0.65,10.0,1015.59,6.45,268.0,0.0,24.79,0.0
330,35.26,0.65,10.0,1015.59,6.45,268.0,0.0,24.79,0.0
331,35.26,0.65,10.0,1015.59,6.45,268.0,0.0,24.79,0.0
332,35.26,0.65,10.0,1015.59,6.45,268.0,0.0,24.79,0.0
333,35.26,0.65,10.0,1015.59,6.45,268.0,0.0,24.79,0.0
334,35.26,0.65,10.0,1015.59,6.45,268.0,0.0,24.79,0.0
335,35.26,0.65,10.0,1015.59,6.45,268.0,0.0,24.79,0.0
336,35.26,0.65,10.0,1015.59,6.45,268.0,0.0,24.79,0.0
337,35.26,0.65,10.0,1015.59,6.45,268.0,0.0,24.79,0.0
338,35.26,0.65,10.0,1015.59,6.45,268.0,0.0,24.79,0.0
339,35.26,0.65,10.0,1015.59,6.45,268.0,0.0,24.79,0.0
340,35.26,0.65,10.0,1015.59,6.45,268.0,0.0,24.79,0.0
341,35.26,0.65,10.0,1015.59,6.45,268.0,0.0,24.79,0.0
342,35.26,0.65,10.0,1015.59,6.45,268.0,0.0,24.79,0.0
343,35.26,0.65,10.0,1015.59,6.45,268.0,0.0,24.79,0.0
344,35.26,0.65,10.0,1015.59,6.45,268.0,0.0,24.79,0.0
345,35.26,0.65,10.0,1015.59,6.45,268.0,0.0,24.79,0.0
346,35.26,0.65,10.0,1015.59,6.45,268.0,0.0,24.79,0.0
347,35.26,0.65,10.0,1015.59,6.45,268.0,0.0,24.79,0.0
348,34.99,0.66,10.0,1015.52,6.53,260.0,0.0,24.92,0.0
349,34.99,0.66,10.0,1015.52,6.53,260.0,0.0,24.92,0.0
350,34.99,0.66,10.0,1015.52,6.53,260.0,0.0,24.92,0.0
351,34.99,0.66,10.0,1015.52,6.53,260.0,0.0,24.92,0.0
352,34.99,0.66,10.0,1015.52,6.53,260.0,0.0,24.92,0.0
353,34.99,0.66,10.0,1015.52,6.53,260.0,0.0,24.92,0.0
354,34.99,0.66,10.0,1015.52,6.53,260.0,0.0,24.92,0.0
355,34.99,0.66,10.0,1015.52,6.53,260.0,0.0,24.92,0.0
356,34.99,0.66,10.0,1015.52,6.53,260.0,0.0,24.92,0.0
357,34.99,0.66,10.0,1015.52,6.53,260.0,0.0,24.92,0.0
358,34.99,0.66,10.0,1015.52,6.53,260.0,0.0,24.92,0.0
359,34.99,0.66,10.0,1015.52,6.53,260.0,0.0,24.92,0.0
360,34.99,0.66,10.0,1015.52,6.53,260.0,0.0,24.92,0.0
361,34.99,0.66,10.0,1015.52,6.53,260.0,0.0,24.92,0.0
362,34.99,0.66,10.0,1015.52,6.53,260.0,0.0,24.92,0.0
363,34.99,0.66,10.0,1015.52,6.53,260.0,0.0,24.92,0.0
364,34.99,0.66,10.0,1015.52,6.53,260.0,0.0,24.92,0.0
365,34.99,0.66,10.0,1015.52,6.53,260.0,0.0,24.92,0.0
366,34.99,0.66,10.0,1015.52,6.53,260.0,0.0,24.92,0.0
367,34.99,0.66,10.0,1015.52,6.53,260.0,0.0,24.92,0.0
368,34.99,0.66,10.0,1015.52,6.53,260.0,0.0,24.92,0.0
369,34.99,0.66,10.0,1015.52,6.53,260.0,0.0,24.92,0.0
370,34.99,0.66,10.0,1015.52,6.53,260.0,0.0,24.92,0.0
371,34.99,0.66,10.0,1015.52,6.53,260.0,0.0,24.92,0.0
372,34.99,0.66,10.0,1015.52,6.53,260.0,0.0,24.92,0.0
373,34.99,0.66,10.0,1015.52,6.53,260.0,0.0,24.92,0.0
374,34.99,0.66,10.0,1015.52,6.53,260.0,0.0,24.92,0.0
375,34.99,0.66,10.0,1015.52,6.53,260.0,0.0,24.92,0.0
376,34.99,0.66,10.0,1015.52,6.53,260.0,0.0,24.92,0.0
377,34.99,0.66,10.0,1015.52,6.53,260.0,0.0,24.92,0.0
378,34.99,0.66,10.0,1015.52,6.53,260.0,0.0,24.92,0.0
379,34.99,0.66,10.0,1015.52,6.53,260.0,0.0,24.92,0.0
380,34.99,0.66,10.0,1015.52,6.53,260.0,0.0,24.92,0.0
381,34.99,0.66,10.0,1015.52,6.53,260.0,0.0,24.92,0.0
382,34.99,0.66,10.0,1015.52,6.53,260.0,0.0,24.92,0.0
383,34.99,0.66,10.0,1015.52,6.53,260.0,0.0,24.92,0.0
384,34.99,0.66,10.0,1015.52,6.53,260.0,0.0,24.92,0.0
385,34.99,0.66,10.0,1015.52,6.53,260.0,0.0,24.92,0.0
386,34.99,0.66,10.0,1015.52,6.53,260.0,0.0,24.92,0.0
387,34.99,0.66,10.0,1015.52,6.53,260.0,0.0,24.92,0.0
388,34.99,0.66,10.0,1015.52,6.53,260.0,0.0,24.92,0.0
389,34.99,0.66,10.0,1015.52,6.53,260.0,0.0,24.92,0.0
390,34.99,0.66,10.0,1015.52,6.53,260.0,0.0,24.92,0.0
391,34.99,0.66,10.0,1015.52,6.53,260.0,0.0,24.92,0.0
392,34.99,0.66,10.0,1015.52,6.53,260.0,0.0,24.92,0.0
393,34.99,0.66,10.0,1015.52,6.53,260.0,0.0,24.92,0.0
394,34.99,0.66,10.0,1015.52,6.53,260.0,0.0,24.92,0.0
395,34.99,0.66,10.0,1015.52,6.53,260.0,0.0,24.92,0.0
396,34.99,0.66,10.0,1015.52,6.53,260.0,0.0,24.92,0.0
397,34.99,0.66,10.0,1015.52,6.53,260.0,0.0,24.92,0.0
398,34.99,0.66,10.0,1015.52,6.53,260.0,0.0,24.92,0.0
399,34.99,0.66,10.0,1015.52,6.53,260.0,0.0,24.92,0.0
400,34.99,0.66,10.0,1015.52,6.53,260.0,0.0,24.92,0.0
401,34.99,0.66,10.0,1015.52,6.53,260.0,0.0,24.92,0.0
402,34.99,0.66,10.0,1015.52,6.53,260.0,0.0,24.92,0.0
403,34.99,0.66,10.0,1015.52,6.53,260.0,0.0,24.92,0.0
404,34.99,0.66,10.0,1015.52,6.53,260.0,0.0,24.92,0.0
405,34.99,0.66,10.0,1015.52,6.53,260.0,0.0,24.92,0.0
406,35.06,0.66,10.0,1015.75,5.77,259.0,0.0,24.84,0.0
407,35.06,0.66,10.0,1015.75,5.77,259.0,0.0,24.84,0.0
408,35.06,0.66,10.0,1015.75,5.77,259.0,0.0,24.84,0.0
409,35.06,0.66,10.0,1015.75,5.77,259.0,0.0,24.84,0.0
410,35.06,0.66,10.0,1015.75,5.77,259.0,0.0,24.84,0.0
411,35.06,0.66,10.0,1015.75,5.77,259.0,0.0,24.84,0.0
412,35.06,0.66,10.0,1015.75,5.77,259.0,0.0,24.84,0.0
413,35.06,0.66,10.0,1015.75,5.77,259.0,0.0,24.84,0.0
414,35.06,0.66,10.0,1015.75,5.77,259.0,0.0,24.84,0.0
415,35.06,0.66,10.0,1015.75,5.77,259.0,0.0,24.84,0.0
416,35.06,0.66,10.0,1015.75,5.77,259.0,0.0,24.84,0.0
417,35.06,0.66,10.0,1015.75,5.77,259.0,0.0,24.84,0.0
418,35.06,0.66,10.0,1015.75,5.77,259.0,0.0,24.84,0.0
419,35.06,0.66,10.0,1015.75,5.77,259.0,0.0,24.84,0.0
420,35.06,0.66,10.0,1015.75,5.77,259.0,0.0,24.84,0.0
421,35.06,0.66,10.0,1015.75,5.77,259.0,0.0,24.84,0.0
422,35.06,0.66,10.0,1015.75,5.77,259.0,0.0,24.84,0.0
423,35.06,0.66,10.0,1015.75,5.77,259.0,0.0,24.84,0.0
424,35.06,0.66,10.0,1015.75,5.77,259.0,0.0,24.84,0.0
425,35.06,0.66,10.0,1015.75,5.77,259.0,0.0,24.84,0.0
426,35.06,0.66,10.0,1015.75,5.77,259.0,0.0,24.84,0.0
427,35.06,0.66,10.0,1015.75,5.77,259.0,0.0,24.84,0.0
428,35.06,0.66,10.0,1015.75,5.77,259.0,0.0,24.84,0.0
429,35.06,0.66,10.0,1015.75,5.77,259.0,0.0,24.84,0.0
430,35.06,0.66,10.0,1015.75,5.77,259.0,0.0,24.84,0.0
431,35.06,0.66,10.0,1015.75,5.77,259.0,0.0,24.84,0.0
432,35.06,0.66,10.0,1015.75,5.77,259.0,0.0,24.84,0.0
433,35.06,0.66,10.0,1015.75,5.77,259.0,0.0,24.84,0.0
434,35.06,0.66,10.0,1015.75,5.77,259.0,0.0,24.84,0.0
435,35.06,0.66,10.0,1015.75,5.77,259.0,0.0,24.84,0.0
436,35.06,0.66,10.0,1015.75,5.77,259.0,0.0,24.84,0.0
437,35.06,0.66,10.0,1015.75,5.77,259.0,0.0,24.84,0.0
438,35.06,0.66,10.0,1015.75,5.77,259.0,0.0,24.84,0.0
439,35.06,0.66,10.0,1015.75,5.77,259.0,0.0,24.84,0.0
440,35.06,0.66,10.0,1015.75,5.77,259.0,0.0,24.84,0.0
441,35.06,0.66,10.0,1015.75,5.77,259.0,0.0,24.84,0.0
442,35.06,0.66,10.0,1015.75,5.77,259.0,0.0,24.84,0.0
443,35.06,0.66,10.0,1015.75,5.77,259.0,0.0,24.84,0.0
444,35.06,0.66,10.0,1015.75,5.77,259.0,0.0,24.84,0.0
445,35.06,0.66,10.0,1015.75,5.77,259.0,0.0,24.84,0.0
446,35.06,0.66,10.0,1015.75,5.77,259.0,0.0,24.84,0.0
447,35.06,0.66,10.0,1015.75,5.77,259.0,0.0,24.84,0.0
448,35.06,0.66,10.0,1015.75,5.77,259.0,0.0,24.84,0.0
449,35.06,0.66,10.0,1015.75,5.77,259.0,0.0,24.84,0.0
450,35.06,0.66,10.0,1015.75,5.77,259.0,0.0,24.84,0.0
451,35.06,0.66,10.0,1015.75,5.77,259.0,0.0,24.84,0.0
452,35.06,0.66,10.0,1015.75,5.77,259.0,0.0,24.84,0.0
453,35.06,0.66,10.0,1015.75,5.77,259.0,0.0,24.84,0.0
454,35.06,0.66,10.0,1015.75,5.77,259.0,0.0,24.84,0.0
455,35.06,0.66,10.0,1015.75,5.77,259.0,0.0,24.84,0.0
456,35.06,0.66,10.0,1015.75,5.77,259.0,0.0,24.84,0.0
457,35.06,0.66,10.0,1015.75,5.77,259.0,0.0,24.84,0.0
458,35.06,0.66,10.0,1015.75,5.77,259.0,0.0,24.84,0.0
459,35.06,0.66,10.0,1015.75,5.77,259.0,0.0,24.84,0.0
460,35.06,0.66,10.0,1015.75,5.77,259.0,0.0,24.84,0.0
461,35.06,0.66,10.0,1015.75,5.77,259.0,0.0,24.84,0.0
462,35.06,0.66,10.0,1015.75,5.77,259.0,0.0,24.84,0.0
463,35.06,0.66,10.0,1015.75,5.77,259.0,0.0,24.84,0.0
464,34.83,0.68,10.0,1015.59,5.99,258.0,0.0,25.27,0.0
465,34.83,0.68,10.0,1015.59,5.99,258.0,0.0,25.27,0.0
466,34.83,0.68,10.0,1015.59,5.99,258.0,0.0,25.27,0.0
467,34.83,0.68,10.0,1015.59,5.99,258.0,0.0,25.27,0.0
468,34.83,0.68,10.0,1015.59,5.99,258.0,0.0,25.27,0.0
469,34.83,0.68,10.0,1015.59,5.99,258.0,0.0,25.27,0.0
470,34.83,0.68,10.0,1015.59,5.99,258.0,0.0,25.27,0.0
471,34.83,0.68,10.0,1015.59,5.99,258.0,0.0,25.27,0.0
472,34.83,0.68,10.0,1015.59,5.99,258.0,0.0,25.27,0.0
473,34.83,0.68,10.0,1015.59,5.99,258.0,0.0,25.27,0.0
474,34.83,0.68,10.0,1015.59,5.99,258.0,0.0,25.27,0.0
475,34.83,0.68,10.0,1015.59,5.99,258.0,0.0,25.27,0.0
476,34.83,0.68,10.0,1015.59,5.99,258.0,0.0,25.27,0.0
477,34.83,0.68,10.0,1015.59,5.99,258.0,0.0,25.27,0.0
478,34.83,0.68,10.0,1015.59,5.99,258.0,0.0,25.27,0.0
479,34.83,0.68,10.0,1015.59,5.99,258.0,0.0,25.27,0.0
480,34.83,0.68,10.0,1015.59,5.99,258.0,0.0,25.27,0.0
481,34.83,0.68,10.0,1015.59,5.99,258.0,0.0,25.27,0.0
482,34.83,0.68,10.0,1015.59,5.99,258.0,0.0,25.27,0.0
483,34.83,0.68,10.0,1015.59,5.99,258.0,0.0,25.27,0.0
484,34.83,0.68,10.0,1015.59,5.99,258.0,0.0,25.27,0.0
485,34.83,0.68,10.0,1015.59,5.99,258.0,0.0,25.27,0.0
486,34.83,0.68,10.0,1015.59,5.99,258.0,0.0,25.27,0.0
487,34.83,0.68,10.0,1015.59,5.99,258.0,0.0,25.27,0.0
488,34.83,0.68,10.0,1015.59,5.99,258.0,0.0,25.27,0.0
489,34.83,0.68,10.0,1015.59,5.99,258.0,0.0,25.27,0.0
490,34.83,0.68,10.0,1015.59,5.99,258.0,0.0,25.27,0.0
491,34.83,0.68,10.0,1015.59,5.99,258.0,0.0,25.27,0.0
492,34.83,0.68,10.0,1015.59,5.99,258.0,0.0,25.27,0.0
493,34.83,0.68,10.0,1015.59,5.99,258.0,0.0,25.27,0.0
494,34.83,0.68,10.0,1015.59,5.99,258.0,0.0,25.27,0.0
495,34.83,0.68,10.0,1015.59,5.99,258.0,0.0,25.27,0.0
496,34.83,0.68,10.0,1015.59,5.99,258.0,0.0,25.27,0.0
497,34.83,0.68,10.0,1015.59,5.99,258.0,0.0,25.27,0.0
498,34.83,0.68,10.0,1015.59,5.99,258.0,0.0,25.27,0.0
499,34.83,0.68,10.0,1015.59,5.99,258.0,0.0,25.27,0.0
500,34.83,0.68,10.0,1015.59,5.99,258.0,0.0,25.27,0.0
501,34.83,0.68,10.0,1015.59,5.99,258.0,0.0,25.27,0.0
502,34.83,0.68,10.0,1015.59,5.99,258.0,0.0,25.27,0.0
503,34.83,0.68,10.0,1015.59,5.99,258.0,0.0,25.27,0.0
504,34.83,0.68,10.0,1015.59,5.99,258.0,0.0,25.27,0.0
505,34.83,0.68,10.0,1015.59,5.99,258.0,0.0,25.27,0.0
506,34.83,0.68,10.0,1015.59,5.99,258.0,0.0,25.27,0.0
507,34.83,0.68,10.0,1015.59,5.99,258.0,0.0,25.27,0.0
508,34.83,0.68,10.0,1015.59,5.99,258.0,0.0,25.27,0.0
509,34.83,0.68,10.0,1015.59,5.99,258.0,0.0,25.27,0.0
510,34.83,0.68,10.0,1015.59,5.99,258.0,0.0,25.27,0.0
511,34.83,0.68,10.0,1015.59,5.99,258.0,0.0,25.27,0.0
512,34.83,0.68,10.0,1015.59,5.99,258.0,0.0,25.27,0.0
513,34.83,0.68,10.0,1015.59,5.99,258.0,0.0,25.27,0.0
514,34.83,0.68,10.0,1015.59,5.99,258.0,0.0,25.27,0.0
515,34.83,0.68,10.0,1015.59,5.99,258.0,0.0,25.27,0.0
516,34.83,0.68,10.0,1015.59,5.99,258.0,0.0,25.27,0.0
517,34.83,0.68,10.0,1015.59,5.99,258.0,0.0,25.27,0.0
518,34.83,0.68,10.0,1015.59,5.99,258.0,0.0,25.27,0.0
519,34.83,0.68,10.0,1015.59,5.99,258.0,0.0,25.27,0.0
520,34.83,0.68,10.0,1015.59,5.99,258.0,0.0,25.27,0.0
521,34.83,0.68,10.0,1015.59,5.99,258.0,0.0,25.27,0.0
522,35.7,0.65,10.0,1015.7,5.55,255.0,0.0,25.26,0.0
523,35.7,0.65,10.0,1015.7,5.55,255.0,0.0,25.26,0.0
524,35.7,0.65,10.0,1015.7,5.55,255.0,0.0,25.26,0.0
525,35.7,0.65,10.0,1015.7,5.55,255.0,0.0,25.26,0.0
526,35.7,0.65,10.0,1015.7,5.55,255.0,0.0,25.26,0.0
527,35.7,0.65,10.0,1015.7,5.55,255.0,0.0,25.26,0.0
528,35.7,0.65,10.0,1015.7,5.55,255.0,0.0,25.26,0.0
529,35.7,0.65,10.0,1015.7,5.55,255.0,0.0,25.26,0.0
530,35.7,0.65,10.0,1015.7,5.55,255.0,0.0,25.26,0.0
531,35.7,0.65,10.0,1015.7,5.55,255.0,0.0,25.26,0.0
532,35.7,0.65,10.0,1015.7,5.55,255.0,0.0,25.26,0.0
533,35.7,0.65,10.0,1015.7,5.55,255.0,0.0,25.26,0.0
534,35.7,0.65,10.0,1015.7,5.55,255.0,0.0,25.26,0.0
535,35.7,0.65,10.0,1015.7,5.55,255.0,0.0,25.26,0.0
536,35.7,0.65,10.0,1015.7,5.55,255.0,0.0,25.26,0.0
537,35.7,0.65,10.0,1015.7,5.55,255.0,0.0,25.26,0.0
538,35.7,0.65,10.0,1015.7,5.55,255.0,0.0,25.26,0.0
539,35.7,0.65,10.0,1015.7,5.55,255.0,0.0,25.26,0.0
540,35.7,0.65,10.0,1015.7,5.55,255.0,0.0,25.26,0.0
541,35.7,0.65,10.0,1015.7,5.55,255.0,0.0,25.26,0.0
542,35.7,0.65,10.0,1015.7,5.55,255.0,0.0,25.26,0.0
543,35.7,0.65,10.0,1015.7,5.55,255.0,0.0,25.26,0.0
544,35.7,0.65,10.0,1015.7,5.55,255.0,0.0,25.26,0.0
545,35.7,0.65,10.0,1015.7,5.55,255.0,0.0,25.26,0.0
546,35.7,0.65,10.0,1015.7,5.55,255.0,0.0,25.26,0.0
547,35.7,0.65,10.0,1015.7,5.55,255.0,0.0,25.26,0.0
548,35.7,0.65,10.0,1015.7,5.55,255.0,0.0,25.26,0.0
549,35.7,0.65,10.0,1015.7,5.55,255.0,0.0,25.26,0.0
550,35.7,0.65,10.0,1015.7,5.55,255.0,0.0,25.26,0.0
551,35.7,0.65,10.0,1015.7,5.55,255.0,0.0,25.26,0.0
552,35.7,0.65,10.0,1015.7,5.55,255.0,0.0,25.26,0.0
553,35.7,0.65,10.0,1015.7,5.55,255.0,0.0,25.26,0.0
554,35.7,0.65,10.0,1015.7,5.55,255.0,0.0,25.26,0.0
555,35.7,0.65,10.0,1015.7,5.55,255.0,0.0,25.26,0.0
556,35.7,0.65,10.0,1015.7,5.55,255.0,0.0,25.26,0.0
557,35.7,0.65,10.0,1015.7,5.55,255.0,0.0,25.26,0.0
558,35.7,0.65,10.0,1015.7,5.55,255.0,0.0,25.26,0.0
559,35.7,0.65,10.0,1015.7,5.55,255.0,0.0,25.26,0.0
560,35.7,0.65,10.0,1015.7,5.55,255.0,0.0,25.26,0.0
561,35.7,0.65,10.0,1015.7,5.55,255.0,0.0,25.26,0.0
562,35.7,0.65,10.0,1015.7,5.55,255.0,0.0,25.26,0.0
563,35.7,0.65,10.0,1015.7,5.55,255.0,0.0,25.26,0.0
564,35.7,0.65,10.0,1015.7,5.55,255.0,0.0,25.26,0.0
565,35.7,0.65,10.0,1015.7,5.55,255.0,0.0,25.26,0.0
566,35.7,0.65,10.0,1015.7,5.55,255.0,0.0,25.26,0.0
567,35.7,0.65,10.0,1015.7,5.55,255.0,0.0,25.26,0.0
568,35.7,0.65,10.0,1015.7,5.55,255.0,0.0,25.26,0.0
569,35.7,0.65,10.0,1015.7,5.55,255.0,0.0,25.26,0.0
570,35.7,0.65,10.0,1015.7,5.55,255.0,0.0,25.26,0.0
571,35.7,0.65,10.0,1015.7,5.55,255.0,0.0,25.26,0.0
572,35.7,0.65,10.0,1015.7,5.55,255.0,0.0,25.26,0.0
573,35.7,0.65,10.0,1015.7,5.55,255.0,0.0,25.26,0.0
574,35.7,0.65,10.0,1015.7,5.55,255.0,0.0,25.26,0.0
575,35.7,0.65,10.0,1015.7,5.55,255.0,0.0,25.26,0.0
576,35.7,0.65,10.0,1015.7,5.55,255.0,0.0,25.26,0.0
577,35.7,0.65,10.0,1015.7,5.55,255.0,0.0,25.26,0.0
578,35.7,0.65,10.0,1015.7,5.55,255.0,0.0,25.26,0.0
579,35.7,0.65,10.0,1015.7,5.55,255.0,0.0,25.26,0.0
580,36.92,0.62,10.0,1015.68,5.14,238.0,0.0,25.08,0.0
581,36.92,0.62,10.0,1015.68,5.14,238.0,0.0,25.08,0.0
582,36.92,0.62,10.0,1015.68,5.14,238.0,0.0,25.08,0.0
583,36.92,0.62,10.0,1015.68,5.14,238.0,0.0,25.08,0.0
584,36.92,0.62,10.0,1015.68,5.14,238.0,0.0,25.08,0.0
585,36.92,0.62,10.0,1015.68,5.14,238.0,0.0,25.08,0.0
586,36.92,0.62,10.0,1015.68,5.14,238.0,0.0,25.08,0.0
587,36.92,0.62,10.0,1015.68,5.14,238.0,0.0,25.08,0.0
588,36.92,0.62,10.0,1015.68,5.14,238.0,0.0,25.08,0.0
589,36.92,0.62,10.0,1015.68,5.14,238.0,0.0,25.08,0.0
590,36.92,0.62,10.0,1015.68,5.14,238.0,0.0,25.08,0.0
591,36.92,0.62,10.0,1015.68,5.14,238.0,0.0,25.08,0.0
592,36.92,0.62,10.0,1015.68,5.14,238.0,0.0,25.08,0.0
593,36.92,0.62,10.0,1015.68,5.14,238.0,0.0,25.08,0.0
594,36.92,0.62,10.0,1015.68,5.14,238.0,0.0,25.08,0.0
595,36.92,0.62,10.0,1015.68,5.14,238.0,0.0,25.08,0.0
596,36.92,0.62,10.0,1015.68,5.14,238.0,0.0,25.08,0.0
597,36.92,0.62,10.0,1015.68,5.14,238.0,0.0,25.08,0.0
598,36.92,0.62,10.0,1015.68,5.14,238.0,0.0,25.08,0.0
599,36.92,0.62,10.0,1015.68,5.14,238.0,0.0,25.08,0.0
600,36.92,0.62,10.0,1015.68,5.14,238.0,0.0,25.08,0.0
601,36.92,0.62,10.0,1015.68,5.14,238.0,0.0,25.08,0.0
602,36.92,0.62,10.0,1015.68,5.14,238.0,0.0,25.08,0.0
603,36.92,0.62,10.0,1015.68,5.14,238.0,0.0,25.08,0.0
604,36.92,0.62,10.0,1015.68,5.14,238.0,0.0,25.08,0.0
605,36.92,0.62,10.0,1015.68,5.14,238.0,0.0,25.08,0.0
606,36.92,0.62,10.0,1015.68,5.14,238.0,0.0,25.08,0.0
607,36.92,0.62,10.0,1015.68,5.14,238.0,0.0,25.08,0.0
608,36.92,0.62,10.0,1015.68,5.14,238.0,0.0,25.08,0.0
609,36.92,0.62,10.0,1015.68,5.14,238.0,0.0,25.08,0.0
610,36.92,0.62,10.0,1015.68,5.14,238.0,0.0,25.08,0.0
611,36.92,0.62,10.0,1015.68,5.14,238.0,0.0,25.08,0.0
612,36.92,0.62,10.0,1015.68,5.14,238.0,0.0,25.08,0.0
613,36.92,0.62,10.0,1015.68,5.14,238.0,0.0,25.08,0.0
614,36.92,0.62,10.0,1015.68,5.14,238.0,0.0,25.08,0.0
615,36.92,0.62,10.0,1015.68,5.14,238.0,0.0,25.08,0.0
616,36.92,0.62,10.0,1015.68,5.14,238.0,0.0,25.08,0.0
617,36.92,0.62,10.0,1015.68,5.14,238.0,0.0,25.08,0.0
618,36.92,0.62,10.0,1015.68,5.14,238.0,0.0,25.08,0.0
619,36.92,0.62,10.0,1015.68,5.14,238.0,0.0,25.08,0.0
620,36.92,0.62,10.0,1015.68,5.14,238.0,0.0,25.08,0.0
621,36.92,0.62,10.0,1015.68,5.14,238.0,0.0,25.08,0.0
622,36.92,0.62,10.0,1015.68,5.14,238.0,0.0,25.08,0.0
623,36.92,0.62,10.0,1015.68,5.14,238.0,0.0,25.08,0.0
624,36.92,0.62,10.0,1015.68,5.14,238.0,0.0,25.08,0.0
625,36.92,0.62,10.0,1015.68,5.14,238.0,0.0,25.08,0.0
626,36.92,0.62,10.0,1015.68,5.14,238.0,0.0,25.08,0.0
627,36.92,0.62,10.0,1015.68,5.14,238.0,0.0,25.08,0.0
628,36.92,0.62,10.0,1015.68,5.14,238.0,0.0,25.08,0.0
629,36.92,0.62,10.0,1015.68,5.14,238.0,0.0,25.08,0.0
630,36.92,0.62,10.0,1015.68,5.14,238.0,0.0,25.08,0.0
631,36.92,0.62,10.0,1015.68,5.14,238.0,0.0,25.08,0.0
632,36.92,0.62,10.0,1015.68,5.14,238.0,0.0,25.08,0.0
633,36.92,0.62,10.0,1015.68,5.14,238.0,0.0,25.08,0.0
634,36.92,0.62,10.0,1015.68,5.14,238.0,0.0,25.08,0.0
635,36.92,0.62,10.0,1015.68,5.14,238.0,0.0,25.08,0.0
636,36.92,0.62,10.0,1015.68,5.14,238.0,0.0,25.08,0.0
637,36.92,0.62,10.0,1015.68,5.14,238.0,0.0,25.08,0.0
638,36.87,0.62,10.0,1015.19,7.37,239.0,0.0,25.26,0.0
639,36.87,0.62,10.0,1015.19,7.37,239.0,0.0,25.26,0.0
640,36.87,0.62,10.0,1015.19,7.37,239.0,0.0,25.26,0.0
641,36.87,0.62,10.0,1015.19,7.37,239.0,0.0,25.26,0.0
642,36.87,0.62,10.0,1015.19,7.37,239.0,0.0,25.26,0.0
643,36.87,0.62,10.0,1015.19,7.37,239.0,0.0,25.26,0.0
644,36.87,0.62,10.0,1015.19,7.37,239.0,0.0,25.26,0.0
645,36.87,0.62,10.0,1015.19,7.37,239.0,0.0,25.26,0.0
646,36.87,0.62,10.0,1015.19,7.37,239.0,0.0,25.26,0.0
647,36.87,0.62,10.0,1015.19,7.37,239.0,0.0,25.26,0.0
648,36.87,0.62,10.0,1015.19,7.37,239.0,0.0,25.26,0.0
649,36.87,0.62,10.0,1015.19,7.37,239.0,0.0,25.26,0.0
650,36.87,0.62,10.0,1015.19,7.37,239.0,0.0,25.26,0.0
651,36.87,0.62,10.0,1015.19,7.37,239.0,0.0,25.26,0.0
652,36.87,0.62,10.0,1015.19,7.37,239.0,0.0,25.26,0.0
653,36.87,0.62,10.0,1015.19,7.37,239.0,0.0,25.26,0.0
654,36.87,0.62,10.0,1015.19,7.37,239.0,0.0,25.26,0.0
655,36.87,0.62,10.0,1015.19,7.37,239.0,0.0,25.26,0.0
656,36.87,0.62,10.0,1015.19,7.37,239.0,0.0,25.26,0.0
657,36.87,0.62,10.0,1015.19,7.37,239.0,0.0,25.26,0.0
658,36.87,0.62,10.0,1015.19,7.37,239.0,0.0,25.26,0.0
659,36.87,0.62,10.0,1015.19,7.37,239.0,0.0,25.26,0.0
660,36.87,0.62,10.0,1015.19,7.37,239.0,0.0,25.26,0.0
661,36.87,0.62,10.0,1015.19,7.37,239.0,0.0,25.26,0.0
662,36.87,0.62,10.0,1015.19,7.37,239.0,0.0,25.26,0.0
663,36.87,0.62,10.0,1015.19,7.37,239.0,0.0,25.26,0.0
664,36.87,0.62,10.0,1015.19,7.37,239.0,0.0,25.26,0.0
665,36.87,0.62,10.0,1015.19,7.37,239.0,0.0,25.26,0.0
666,36.87,0.62,10.0,1015.19,7.37,239.0,0.0,25.26,0.0
667,36.87,0.62,10.0,1015.19,7.37,239.0,0.0,25.26,0.0
668,36.87,0.62,10.0,1015.19,7.37,239.0,0.0,25.26,0.0
669,36.87,0.62,10.0,1015.19,7.37,239.0,0.0,25.26,0.0
670,36.87,0.62,10.0,1015.19,7.37,239.0,0.0,25.26,0.0
671,36.87,0.62,10.0,1015.19,7.37,239.0,0.0,25.26,0.0
672,36.87,0.62,10.0,1015.19,7.37,239.0,0.0,25.26,0.0
673,36.87,0.62,10.0,1015.19,7.37,239.0,0.0,25.26,0.0
674,36.87,0.62,10.0,1015.19,7.37,239.0,0.0,25.26,0.0
675,36.87,0.62,10.0,1015.19,7.37,239.0,0.0,25.26,0.0
676,36.87,0.62,10.0,1015.19,7.37,239.0,0.0,25.26,0.0
677,36.87,0.62,10.0,1015.19,7.37,239.0,0.0,25.26,0.0
678,36.87,0.62,10.0,1015.19,7.37,239.0,0.0,25.26,0.0
679,36.87,0.62,10.0,1015.19,7.37,239.0,0.0,25.26,0.0
680,36.87,0.62,10.0,1015.19,7.37,239.0,0.0,25.26,0.0
681,36.87,0.62,10.0,1015.19,7.37,239.0,0.0,25.26,0.0
682,36.87,0.62,10.0,1015.19,7.37,239.0,0.0,25.26,0.0
683,36.87,0.62,10.0,1015.19,7.37,239.0,0.0,25.26,0.0
684,36.87,0.62,10.0,1015.19,7.37,239.0,0.0,25.26,0.0
685,36.87,0.62,10.0,1015.19,7.37,239.0,0.0,25.26,0.0
686,36.87,0.62,10.0,1015.19,7.37,239.0,0.0,25.26,0.0
687,36.87,0.62,10.0,1015.19,7.37,239.0,0.0,25.26,0.0
688,36.87,0.62,10.0,1015.19,7.37,239.0,0.0,25.26,0.0
689,36.87,0.62,10.0,1015.19,7.37,239.0,0.0,25.26,0.0
690,36.87,0.62,10.0,1015.19,7.37,239.0,0.0,25.26,0.0
691,36.87,0.62,10.0,1015.19,7.37,239.0,0.0,25.26,0.0
692,36.87,0.62,10.0,1015.19,7.37,239.0,0.0,25.26,0.0
693,36.87,0.62,10.0,1015.19,7.37,239.0,0.0,25.26,0.0
694,36.87,0.62,10.0,1015.19,7.37,239.0,0.0,25.26,0.0
695,36.87,0.62,10.0,1015.19,7.37,239.0,0.0,25.26,0.0
696,37.31,0.59,10.0,1014.21,9.59,272.0,0.0,24.3,0.0
697,37.31,0.59,10.0,1014.21,9.59,272.0,0.0,24.3,0.0
698,37.31,0.59,10.0,1014.21,9.59,272.0,0.0,24.3,0.0
699,37.31,0.59,10.0,1014.21,9.59,272.0,0.0,24.3,0.0
700,37.31,0.59,10.0,1014.21,9.59,272.0,0.0,24.3,0.0
701,37.31,0.59,10.0,1014.21,9.59,272.0,0.0,24.3,0.0
702,37.31,0.59,10.0,1014.21,9.59,272.0,0.0,24.3,0.0
703,37.31,0.59,10.0,1014.21,9.59,272.0,0.0,24.3,0.0
704,37.31,0.59,10.0,1014.21,9.59,272.0,0.0,24.3,0.0
705,37.31,0.59,10.0,1014.21,9.59,272.0,0.0,24.3,0.0
706,37.31,0.59,10.0,1014.21,9.59,272.0,0.0,24.3,0.0
707,37.31,0.59,10.0,1014.21,9.59,272.0,0.0,24.3,0.0
708,37.31,0.59,10.0,1014.21,9.59,272.0,0.0,24.3,0.0
709,37.31,0.59,10.0,1014.21,9.59,272.0,0.0,24.3,0.0
710,37.31,0.59,10.0,1014.21,9.59,272.0,0.0,24.3,0.0
711,37.31,0.59,10.0,1014.21,9.59,272.0,0.0,24.3,0.0
712,37.31,0.59,10.0,1014.21,9.59,272.0,0.0,24.3,0.0
713,37.31,0.59,10.0,1014.21,9.59,272.0,0.0,24.3,0.0
714,37.31,0.59,10.0,1014.21,9.59,272.0,0.0,24.3,0.0
715,37.31,0.59,10.0,1014.21,9.59,272.0,0.0,24.3,0.0
716,37.31,0.59,10.0,1014.21,9.59,272.0,0.0,24.3,0.0
717,37.31,0.59,10.0,1014.21,9.59,272.0,0.0,24.3,0.0
718,37.31,0.59,10.0,1014.21,9.59,272.0,0.0,24.3,0.0
719,37.31,0.59,10.0,1014.21,9.59,272.0,0.0,24.3,0.0
720,37.31,0.59,10.0,1014.21,9.59,272.0,0.0,24.3,0.0
721,37.31,0.59,10.0,1014.21,9.59,272.0,0.0,24.3,0.0
722,37.31,0.59,10.0,1014.21,9.59,272.0,0.0,24.3,0.0
723,37.31,0.59,10.0,1014.21,9.59,272.0,0.0,24.3,0.0
724,37.31,0.59,10.0,1014.21,9.59,272.0,0.0,24.3,0.0
725,37.31,0.59,10.0,1014.21,9.59,272.0,0.0,24.3,0.0
726,37.31,0.59,10.0,1014.21,9.59,272.0,0.0,24.3,0.0
727,37.31,0.59,10.0,1014.21,9.59,272.0,0.0,24.3,0.0
728,37.31,0.59,10.0,1014.21,9.59,272.0,0.0,24.3,0.0
729,37.31,0.59,10.0,1014.21,9.59,272.0,0.0,24.3,0.0
730,37.31,0.59,10.0,1014.21,9.59,272.0,0.0,24.3,0.0
731,37.31,0.59,10.0,1014.21,9.59,272.0,0.0,24.3,0.0
732,37.31,0.59,10.0,1014.21,9.59,272.0,0.0,24.3,0.0
733,37.31,0.59,10.0,1014.21,9.59,272.0,0.0,24.3,0.0
734,37.31,0.59,10.0,1014.21,9.59,272.0,0.0,24.3,0.0
735,37.31,0.59,10.0,1014.21,9.59,272.0,0.0,24.3,0.0
736,37.31,0.59,10.0,1014.21,9.59,272.0,0.0,24.3,0.0
737,37.31,0.59,10.0,1014.21,9.59,272.0,0.0,24.3,0.0
738,37.31,0.59,10.0,1014.21,9.59,272.0,0.0,24.3,0.0
739,37.31,0.59,10.0,1014.21,9.59,272.0,0.0,24.3,0.0
740,37.31,0.59,10.0,1014.21,9.59,272.0,0.0,24.3,0.0
741,37.31,0.59,10.0,1014.21,9.59,272.0,0.0,24.3,0.0
742,37.31,0.59,10.0,1014.21,9.59,272.0,0.0,24.3,0.0
743,37.31,0.59,10.0,1014.21,9.59,272.0,0.0,24.3,0.0
744,37.31,0.59,10.0,1014.21,9.59,272.0,0.0,24.3,0.0
745,37.31,0.59,10.0,1014.21,9.59,272.0,0.0,24.3,0.0
746,37.31,0.59,10.0,1014.21,9.59,272.0,0.0,24.3,0.0
747,37.31,0.59,10.0,1014.21,9.59,272.0,0.0,24.3,0.0
748,37.31,0.59,10.0,1014.21,9.59,272.0,0.0,24.3,0.0
749,37.31,0.59,10.0,1014.21,9.59,272.0,0.0,24.3,0.0
750,37.31,0.59,10.0,1014.21,9.59,272.0,0.0,24.3,0.0
751,37.31,0.59,10.0,1014.21,9.59,272.0,0.0,24.3,0.0
752,37.31,0.59,10.0,1014.21,9.59,272.0,0.0,24.3,0.0
753,37.31,0.59,10.0,1014.21,9.59,272.0,0.0,24.3,0.0
754,37.14,0.59,10.0,1013.33,9.45,273.0,0.0,24.06,0.0
755,37.14,0.59,10.0,1013.33,9.45,273.0,0.0,24.06,0.0
756,37.14,0.59,10.0,1013.33,9.45,273.0,0.0,24.06,0.0
757,37.14,0.59,10.0,1013.33,9.45,273.0,0.0,24.06,0.0
758,37.14,0.59,10.0,1013.33,9.45,273.0,0.0,24.06,0.0
759,37.14,0.59,10.0,1013.33,9.45,273.0,0.0,24.06,0.0
760,37.14,0.59,10.0,1013.33,9.45,273.0,0.0,24.06,0.0
761,37.14,0.59,10.0,1013.33,9.45,273.0,0.0,24.06,0.0
762,37.14,0.59,10.0,1013.33,9.45,273.0,0.0,24.06,0.0
763,37.14,0.59,10.0,1013.33,9.45,273.0,0.0,24.06,0.0
764,37.14,0.59,10.0,1013.33,9.45,273.0,0.0,24.06,0.0
765,37.14,0.59,10.0,1013.33,9.45,273.0,0.0,24.06,0.0
766,37.14,0.59,10.0,1013.33,9.45,273.0,0.0,24.06,0.0
767,37.14,0.59,10.0,1013.33,9.45,273.0,0.0,24.06,0.0
768,37.14,0.59,10.0,1013.33,9.45,273.0,0.0,24.06,0.0
769,37.14,0.59,10.0,1013.33,9.45,273.0,0.0,24.06,0.0
770,37.14,0.59,10.0,1013.33,9.45,273.0,0.0,24.06,0.0
771,37.14,0.59,10.0,1013.33,9.45,273.0,0.0,24.06,0.0
772,37.14,0.59,10.0,1013.33,9.45,273.0,0.0,24.06,0.0
773,37.14,0.59,10.0,1013.33,9.45,273.0,0.0,24.06,0.0
774,37.14,0.59,10.0,1013.33,9.45,273.0,0.0,24.06,0.0
775,37.14,0.59,10.0,1013.33,9.45,273.0,0.0,24.06,0.0
776,37.14,0.59,10.0,1013.33,9.45,273.0,0.0,24.06,0.0
777,37.14,0.59,10.0,1013.33,9.45,273.0,0.0,24.06,0.0
778,37.14,0.59,10.0,1013.33,9.45,273.0,0.0,24.06,0.0
779,37.14,0.59,10.0,1013.33,9.45,273.0,0.0,24.06,0.0
780,37.14,0.59,10.0,1013.33,9.45,273.0,0.0,24.06,0.0
781,37.14,0.59,10.0,1013.33,9.45,273.0,0.0,24.06,0.0
782,37.14,0.59,10.0,1013.33,9.45,273.0,0.0,24.06,0.0
783,37.14,0.59,10.0,1013.33,9.45,273.0,0.0,24.06,0.0
784,37.14,0.59,10.0,1013.33,9.45,273.0,0.0,24.06,0.0
785,37.14,0.59,10.0,1013.33,9.45,273.0,0.0,24.06,0.0
786,37.14,0.59,10.0,1013.33,9.45,273.0,0.0,24.06,0.0
787,37.14,0.59,10.0,1013.33,9.45,273.0,0.0,24.06,0.0
788,37.14,0.59,10.0,1013.33,9.45,273.0,0.0,24.06,0.0
789,37.14,0.59,10.0,1013.33,9.45,273.0,0.0,24.06,0.0
790,37.14,0.59,10.0,1013.33,9.45,273.0,0.0,24.06,0.0
791,37.14,0.59,10.0,1013.33,9.45,273.0,0.0,24.06,0.0
792,37.14,0.59,10.0,1013.33,9.45,273.0,0.0,24.06,0.0
793,37.14,0.59,10.0,1013.33,9.45,273.0,0.0,24.06,0.0
794,37.14,0.59,10.0,1013.33,9.45,273.0,0.0,24.06,0.0
795,37.14,0.59,10.0,1013.33,9.45,273.0,0.0,24.06,0.0
796,37.14,0.59,10.0,1013.33,9.45,273.0,0.0,24.06,0.0
797,37.14,0.59,10.0,1013.33,9.45,273.0,0.0,24.06,0.0
798,37.14,0.59,10.0,1013.33,9.45,273.0,0.0,24.06,0.0
799,37.14,0.59,10.0,1013.33,9.45,273.0,0.0,24.06,0.0
800,37.14,0.59,10.0,1013.33,9.45,273.0,0.0,24.06,0.0
801,37.14,0.59,10.0,1013.33,9.45,273.0,0.0,24.06,0.0
802,37.14,0.59,10.0,1013.33,9.45,273.0,0.0,24.06,0.0
803,37.14,0.59,10.0,1013.33,9.45,273.0,0.0,24.06,0.0
804,37.14,0.59,10.0,1013.33,9.45,273.0,0.0,24.06,0.0
805,37.14,0.59,10.0,1013.33,9.45,273.0,0.0,24.06,0.0
806,37.14,0.59,10.0,1013.33,9.45,273.0,0.0,24.06,0.0
807,37.14,0.59,10.0,1013.33,9.45,273.0,0.0,24.06,0.0
808,37.14,0.59,10.0,1013.33,9.45,273.0,0.0,24.06,0.0
809,37.14,0.59,10.0,1013.33,9.45,273.0,0.0,24.06,0.0
810,37.14,0.59,10.0,1013.33,9.45,273.0,0.0,24.06,0.0
811,37.14,0.59,10.0,1013.33,9.45,273.0,0.0,24.06,0.0
812,37.19,0.58,10.0,1012.71,7.61,268.0,0.0,23.81,0.0
813,37.19,0.58,10.0,1012.71,7.61,268.0,0.0,23.81,0.0
814,37.19,0.58,10.0,1012.71,7.61,268.0,0.0,23.81,0.0
815,37.19,0.58,10.0,1012.71,7.61,268.0,0.0,23.81,0.0
816,37.19,0.58,10.0,1012.71,7.61,268.0,0.0,23.81,0.0
817,37.19,0.58,10.0,1012.71,7.61,268.0,0.0,23.81,0.0
818,37.19,0.58,10.0,1012.71,7.61,268.0,0.0,23.81,0.0
819,37.19,0.58,10.0,1012.71,7.61,268.0,0.0,23.81,0.0
820,37.19,0.58,10.0,1012.71,7.61,268.0,0.0,23.81,0.0
821,37.19,0.58,10.0,1012.71,7.61,268.0,0.0,23.81,0.0
822,37.19,0.58,10.0,1012.71,7.61,268.0,0.0,23.81,0.0
823,37.19,0.58,10.0,1012.71,7.61,268.0,0.0,23.81,0.0
824,37.19,0.58,10.0,1012.71,7.61,268.0,0.0,23.81,0.0
825,37.19,0.58,10.0,1012.71,7.61,268.0,0.0,23.81,0.0
826,37.19,0.58,10.0,1012.71,7.61,268.0,0.0,23.81,0.0
827,37.19,0.58,10.0,1012.71,7.61,268.0,0.0,23.81,0.0
828,37.19,0.58,10.0,1012.71,7.61,268.0,0.0,23.81,0.0
829,37.19,0.58,10.0,1012.71,7.61,268.0,0.0,23.81,0.0
830,37.19,0.58,10.0,1012.71,7.61,268.0,0.0,23.81,0.0
831,37.19,0.58,10.0,1012.71,7.61,268.0,0.0,23.81,0.0
832,37.19,0.58,10.0,1012.71,7.61,268.0,0.0,23.81,0.0
833,37.19,0.58,10.0,1012.71,7.61,268.0,0.0,23.81,0.0
834,37.19,0.58,10.0,1012.71,7.61,268.0,0.0,23.81,0.0
835,37.19,0.58,10.0,1012.71,7.61,268.0,0.0,23.81,0.0
836,37.19,0.58,10.0,1012.71,7.61,268.0,0.0,23.81,0.0
837,37.19,0.58,10.0,1012.71,7.61,268.0,0.0,23.81,0.0
838,37.19,0.58,10.0,1012.71,7.61,268.0,0.0,23.81,0.0
839,37.19,0.58,10.0,1012.71,7.61,268.0,0.0,23.81,0.0
840,37.19,0.58,10.0,1012.71,7.61,268.0,0.0,23.81,0.0
841,37.19,0.58,10.0,1012.71,7.61,268.0,0.0,23.81,0.0
842,37.19,0.58,10.0,1012.71,7.61,268.0,0.0,23.81,0.0
843,37.19,0.58,10.0,1012.71,7.61,268.0,0.0,23.81,0.0
844,37.19,0.58,10.0,1012.71,7.61,268.0,0.0,23.81,0.0
845,37.19,0.58,10.0,1012.71,7.61,268.0,0.0,23.81,0.0
846,37.19,0.58,10.0,1012.71,7.61,268.0,0.0,23.81,0.0
847,37.19,0.58,10.0,1012.71,7.61,268.0,0.0,23.81,0.0
848,37.19,0.58,10.0,1012.71,7.61,268.0,0.0,23.81,0.0
849,37.19,0.58,10.0,1012.71,7.61,268.0,0.0,23.81,0.0
850,37.19,0.58,10.0,1012.71,7.61,268.0,0.0,23.81,0.0
851,37.19,0.58,10.0,1012.71,7.61,268.0,0.0,23.81,0.0
852,37.19,0.58,10.0,1012.71,7.61,268.0,0.0,23.81,0.0
853,37.19,0.58,10.0,1012.71,7.61,268.0,0.0,23.81,0.0
854,37.19,0.58,10.0,1012.71,7.61,268.0,0.0,23.81,0.0
855,37.19,0.58,10.0,1012.71,7.61,268.0,0.0,23.81,0.0
856,37.19,0.58,10.0,1012.71,7.61,268.0,0.0,23.81,0.0
857,37.19,0.58,10.0,1012.71,7.61,268.0,0.0,23.81,0.0
858,37.19,0.58,10.0,1012.71,7.61,268.0,0.0,23.81,0.0
859,37.19,0.58,10.0,1012.71,7.61,268.0,0.0,23.81,0.0
860,37.19,0.58,10.0,1012.71,7.61,268.0,0.0,23.81,0.0
861,37.19,0.58,10.0,1012.71,7.61,268.0,0.0,23.81,0.0
862,37.19,0.58,10.0,1012.71,7.61,268.0,0.0,23.81,0.0
863,37.19,0.58,10.0,1012.71,7.61,268.0,0.0,23.81,0.0
864,37.19,0.58,10.0,1012.71,7.61,268.0,0.0,23.81,0.0
865,37.19,0.58,10.0,1012.71,7.61,268.0,0.0,23.81,0.0
866,37.19,0.58,10.0,1012.71,7.61,268.0,0.0,23.81,0.0
867,37.19,0.58,10.0,1012.71,7.61,268.0,0.0,23.81,0.0
868,37.19,0.58,10.0,1012.71,7.61,268.0,0.0,23.81,0.0
869,37.19,0.58,10.0,1012.71,7.61,268.0,0.0,23.81,0.0
870,36.57,0.6,9.07,1012.44,7.09,260.0,0.0,23.87,0.0
871,36.57,0.6,9.07,1012.44,7.09,260.0,0.0,23.87,0.0
872,36.57,0.6,9.07,1012.44,7.09,260.0,0.0,23.87,0.0
873,36.57,0.6,9.07,1012.44,7.09,260.0,0.0,23.87,0.0
874,36.57,0.6,9.07,1012.44,7.09,260.0,0.0,23.87,0.0
875,36.57,0.6,9.07,1012.44,7.09,260.0,0.0,23.87,0.0
876,36.57,0.6,9.07,1012.44,7.09,260.0,0.0,23.87,0.0
877,36.57,0.6,9.07,1012.44,7.09,260.0,0.0,23.87,0.0
878,36.57,0.6,9.07,1012.44,7.09,260.0,0.0,23.87,0.0
879,36.57,0.6,9.07,1012.44,7.09,260.0,0.0,23.87,0.0
880,36.57,0.6,9.07,1012.44,7.09,260.0,0.0,23.87,0.0
881,36.57,0.6,9.07,1012.44,7.09,260.0,0.0,23.87,0.0
882,36.57,0.6,9.07,1012.44,7.09,260.0,0.0,23.87,0.0
883,36.57,0.6,9.07,1012.44,7.09,260.0,0.0,23.87,0.0
884,36.57,0.6,9.07,1012.44,7.09,260.0,0.0,23.87,0.0
885,36.57,0.6,9.07,1012.44,7.09,260.0,0.0,23.87,0.0
886,36.57,0.6,9.07,1012.44,7.09,260.0,0.0,23.87,0.0
887,36.57,0.6,9.07,1012.44,7.09,260.0,0.0,23.87,0.0
888,36.57,0.6,9.07,1012.44,7.09,260.0,0.0,23.87,0.0
889,36.57,0.6,9.07,1012.44,7.09,260.0,0.0,23.87,0.0
890,36.57,0.6,9.07,1012.44,7.09,260.0,0.0,23.87,0.0
891,36.57,0.6,9.07,1012.44,7.09,260.0,0.0,23.87,0.0
892,36.57,0.6,9.07,1012.44,7.09,260.0,0.0,23.87,0.0
893,36.57,0.6,9.07,1012.44,7.09,260.0,0.0,23.87,0.0
894,36.57,0.6,9.07,1012.44,7.09,260.0,0.0,23.87,0.0
895,36.57,0.6,9.07,1012.44,7.09,260.0,0.0,23.87,0.0
896,36.57,0.6,9.07,1012.44,7.09,260.0,0.0,23.87,0.0
897,36.57,0.6,9.07,1012.44,7.09,260.0,0.0,23.87,0.0
898,36.57,0.6,9.07,1012.44,7.09,260.0,0.0,23.87,0.0
899,36.57,0.6,9.07,1012.44,7.09,260.0,0.0,23.87,0.0
900,36.57,0.6,9.07,1012.44,7.09,260.0,0.0,23.87,0.0
901,36.57,0.6,9.07,1012.44,7.09,260.0,0.0,23.87,0.0
902,36.57,0.6,9.07,1012.44,7.09,260.0,0.0,23.87,0.0
903,36.57,0.6,9.07,1012.44,7.09,260.0,0.0,23.87,0.0
904,36.57,0.6,9.07,1012.44,7.09,260.0,0.0,23.87,0.0
905,36.57,0.6,9.07,1012.44,7.09,260.0,0.0,23.87,0.0
906,36.57,0.6,9.07,1012.44,7.09,260.0,0.0,23.87,0.0
907,36.57,0.6,9.07,1012.44,7.09,260.0,0.0,23.87,0.0
908,36.57,0.6,9.07,1012.44,7.09,260.0,0.0,23.87,0.0
909,36.57,0.6,9.07,1012.44,7.09,260.0,0.0,23.87,0.0
910,36.57,0.6,9.07,1012.44,7.09,260.0,0.0,23.87,0.0
911,36.57,0.6,9.07,1012.44,7.09,260.0,0.0,23.87,0.0
912,36.57,0.6,9.07,1012.44,7.09,260.0,0.0,23.87,0.0
913,36.57,0.6,9.07,1012.44,7.09,260.0,0.0,23.87,0.0
914,36.57,0.6,9.07,1012.44,7.09,260.0,0.0,23.87,0.0
915,36.57,0.6,9.07,1012.44,7.09,260.0,0.0,23.87,0.0
916,36.57,0.6,9.07,1012.44,7.09,260.0,0.0,23.87,0.0
917,36.57,0.6,9.07,1012.44,7.09,260.0,0.0,23.87,0.0
918,36.57,0.6,9.07,1012.44,7.09,260.0,0.0,23.87,0.0
919,36.57,0.6,9.07,1012.44,7.09,260.0,0.0,23.87,0.0
920,36.57,0.6,9.07,1012.44,7.09,260.0,0.0,23.87,0.0
921,36.57,0.6,9.07,1012.44,7.09,260.0,0.0,23.87,0.0
922,36.57,0.6,9.07,1012.44,7.09,260.0,0.0,23.87,0.0
923,36.57,0.6,9.07,1012.44,7.09,260.0,0.0,23.87,0.0
924,36.57,0.6,9.07,1012.44,7.09,260.0,0.0,23.87,0.0
925,36.57,0.6,9.07,1012.44,7.09,260.0,0.0,23.87,0.0
926,36.57,0.6,9.07,1012.44,7.09,260.0,0.0,23.87,0.0
927,36.57,0.6,9.07,1012.44,7.09,260.0,0.0,23.87,0.0
928,35.91,0.61,9.9,1012.44,8.95,256.0,0.0,23.78,0.0
929,35.91,0.61,9.9,1012.44,8.95,256.0,0.0,23.78,0.0
930,35.91,0.61,9.9,1012.44,8.95,256.0,0.0,23.78,0.0
931,35.91,0.61,9.9,1012.44,8.95,256.0,0.0,23.78,0.0
932,35.91,0.61,9.9,1012.44,8.95,256.0,0.0,23.78,0.0
933,35.91,0.61,9.9,1012.44,8.95,256.0,0.0,23.78,0.0
934,35.91,0.61,9.9,1012.44,8.95,256.0,0.0,23.78,0.0
935,35.91,0.61,9.9,1012.44,8.95,256.0,0.0,23.78,0.0
936,35.91,0.61,9.9,1012.44,8.95,256.0,0.0,23.78,0.0
937,35.91,0.61,9.9,1012.44,8.95,256.0,0.0,23.78,0.0
938,35.91,0.61,9.9,1012.44,8.95,256.0,0.0,23.78,0.0
939,35.91,0.61,9.9,1012.44,8.95,256.0,0.0,23.78,0.0
940,35.91,0.61,9.9,1012.44,8.95,256.0,0.0,23.78,0.0
941,35.91,0.61,9.9,1012.44,8.95,256.0,0.0,23.78,0.0
942,35.91,0.61,9.9,1012.44,8.95,256.0,0.0,23.78,0.0
943,35.91,0.61,9.9,1012.44,8.95,256.0,0.0,23.78,0.0
944,35.91,0.61,9.9,1012.44,8.95,256.0,0.0,23.78,0.0
945,35.91,0.61,9.9,1012.44,8.95,256.0,0.0,23.78,0.0
946,35.91,0.61,9.9,1012.44,8.95,256.0,0.0,23.78,0.0
947,35.91,0.61,9.9,1012.44,8.95,256.0,0.0,23.78,0.0
948,35.91,0.61,9.9,1012.44,8.95,256.0,0.0,23.78,0.0
949,35.91,0.61,9.9,1012.44,8.95,256.0,0.0,23.78,0.0
950,35.91,0.61,9.9,1012.44,8.95,256.0,0.0,23.78,0.0
951,35.91,0.61,9.9,1012.44,8.95,256.0,0.0,23.78,0.0
952,35.91,0.61,9.9,1012.44,8.95,256.0,0.0,23.78,0.0
953,35.91,0.61,9.9,1012.44,8.95,256.0,0.0,23.78,0.0
954,35.91,0.61,9.9,1012.44,8.95,256.0,0.0,23.78,0.0
955,35.91,0.61,9.9,1012.44,8.95,256.0,0.0,23.78,0.0
956,35.91,0.61,9.9,1012.44,8.95,256.0,0.0,23.78,0.0
957,35.91,0.61,9.9,1012.44,8.95,256.0,0.0,23.78,0.0
958,35.91,0.61,9.9,1012.44,8.95,256.0,0.0,23.78,0.0
959,35.91,0.61,9.9,1012.44,8.95,256.0,0.0,23.78,0.0
960,35.91,0.61,9.9,1012.44,8.95,256.0,0.0,23.78,0.0
961,35.91,0.61,9.9,1012.44,8.95,256.0,0.0,23.78,0.0
962,35.91,0.61,9.9,1012.44,8.95,256.0,0.0,23.78,0.0
963,35.91,0.61,9.9,1012.44,8.95,256.0,0.0,23.78,0.0
964,35.91,0.61,9.9,1012.44,8.95,256.0,0.0,23.78,0.0
965,35.91,0.61,9.9,1012.44,8.95,256.0,0.0,23.78,0.0
966,35.91,0.61,9.9,1012.44,8.95,256.0,0.0,23.78,0.0
967,35.91,0.61,9.9,1012.44,8.95,256.0,0.0,23.78,0.0
968,35.91,0.61,9.9,1012.44,8.95,256.0,0.0,23.78,0.0
969,35.91,0.61,9.9,1012.44,8.95,256.0,0.0,23.78,0.0
970,35.91,0.61,9.9,1012.44,8.95,256.0,0.0,23.78,0.0
971,35.91,0.61,9.9,1012.44,8.95,256.0,0.0,23.78,0.0
972,35.91,0.61,9.9,1012.44,8.95,256.0,0.0,23.78,0.0
973,35.91,0.61,9.9,1012.44,8.95,256.0,0.0,23.78,0.0
974,35.91,0.61,9.9,1012.44,8.95,256.0,0.0,23.78,0.0
975,35.91,0.61,9.9,1012.44,8.95,256.0,0.0,23.78,0.0
976,35.91,0.61,9.9,1012.44,8.95,256.0,0.0,23.78,0.0
977,35.91,0.61,9.9,1012.44,8.95,256.0,0.0,23.78,0.0
978,35.91,0.61,9.9,1012.44,8.95,256.0,0.0,23.78,0.0
979,35.91,0.61,9.9,1012.44,8.95,256.0,0.0,23.78,0.0
980,35.91,0.61,9.9,1012.44,8.95,256.0,0.0,23.78,0.0
981,35.91,0.61,9.9,1012.44,8.95,256.0,0.0,23.78,0.0
982,35.91,0.61,9.9,1012.44,8.95,256.0,0.0,23.78,0.0
983,35.91,0.61,9.9,1012.44,8.95,256.0,0.0,23.78,0.0
984,35.91,0.61,9.9,1012.44,8.95,256.0,0.0,23.78,0.0
985,35.91,0.61,9.9,1012.44,8.95,256.0,0.0,23.78,0.0
986,34.89,0.65,9.05,1012.62,7.91,255.0,0.0011,24.52,0.02
987,34.89,0.65,9.05,1012.62,7.91,255.0,0.0011,24.52,0.02
988,34.89,0.65,9.05,1012.62,7.91,255.0,0.0011,24.52,0.02
989,34.89,0.65,9.05,1012.62,7.91,255.0,0.0011,24.52,0.02
990,34.89,0.65,9.05,1012.62,7.91,255.0,0.0011,24.52,0.02
991,34.89,0.65,9.05,1012.62,7.91,255.0,0.0011,24.52,0.02
992,34.89,0.65,9.05,1012.62,7.91,255.0,0.0011,24.52,0.02
993,34.89,0.65,9.05,1012.62,7.91,255.0,0.0011,24.52,0.02
994,34.89,0.65,9.05,1012.62,7.91,255.0,0.0011,24.52,0.02
995,34.89,0.65,9.05,1012.62,7.91,255.0,0.0011,24.52,0.02
996,34.89,0.65,9.05,1012.62,7.91,255.0,0.0011,24.52,0.02
997,34.89,0.65,9.05,1012.62,7.91,255.0,0.0011,24.52,0.02
998,34.89,0.65,9.05,1012.62,7.91,255.0,0.0011,24.52,0.02
999,34.89,0.65,9.05,1012.62,7.91,255.0,0.0011,24.52,0.02
